name,ref,rung,md_p50,md_tail,md_acc1,md_acc2,md_acc1_tail,md_acc2_tail,v2,v2_acc1,v2_acc2,v3,v3_acc1,v3_acc2,first_lock_s,first_lock_bpm,flips_raw,flips_smoothed,lane_hops
Blksmri - Harmonic Dust (Instrumental).mp3,82.0,tag,84.51,83.33,True,True,True,True,84.5,True,True,164.4,False,True,0.37,157.89,56.5,27.0,17.5
Brendan Adair - Swan Dive (Original Mix).mp3,100.0,tag,200.0,100.0,False,True,True,True,100.9,True,True,103.3,True,True,0.45,130.43,10.0,7.0,2.5
Kream - Cribs & Cars Intro (Original Clean).mp3,74.0,tag,75.0,85.71,True,True,False,False,75.2,True,True,150.3,False,True,0.67,88.24,32.62,5.72,1.14
Tarvona - A Love Without Clockwork (Original Mix).mp3,90.0,tag,89.55,89.55,True,True,True,True,91.0,True,True,122.9,False,True,0.28,214.29,10.5,10.0,7.0
Twaang - Dies Lrae (Original Mix).mp3,80.0,tag,77.92,78.95,True,True,True,True,100.2,False,False,130.8,False,False,2.1,28.44,34.5,31.0,20.0
2Green - 8 Days Of Christmas (Original Mix).mp3,120.0,tag,120.0,120.0,True,True,True,True,118.0,True,True,121.2,True,True,0.5,120.0,10.5,0.0,0.0
"Calvin Harris, Clementine Douglas - Blessings Daniel Seacroft Extended Remix (Extended).mp3",70.0,tag,139.53,139.53,False,True,False,True,95.2,False,True,141.2,False,True,0.4,150.0,18.5,11.0,3.5
Ashanti - Rock Wit U (Nylze Edit).mp3,114.0,tag,113.21,113.21,True,True,True,True,113.6,True,True,117.1,True,True,0.58,101.69,7.0,1.0,0.0
Chris Brown - Yo Excuse Me Miss (Nylze Edit).mp3,104.0,tag,103.45,103.45,True,True,True,True,105.6,True,True,137.3,False,True,0.45,133.33,5.5,1.0,0.0
Missy Elliott - Im Really Hot (Frisk & Vix Private Edit).mp3,128.0,tag,127.66,127.66,True,True,True,True,130.2,True,True,129.9,True,True,0.4,150.0,2.0,2.0,0.0
Tove Lo - Habits Stay High (Gabriel Velazquez Remix).mp3,125.0,tag,125.0,125.0,True,True,True,True,63.2,False,True,126.4,True,True,0.6,98.36,1.0,1.0,0.0
Bon Jovi - Livin On A Prayer (Ozan Dede Edit).mp3,125.0,tag,125.0,125.0,True,True,True,True,123.5,True,True,126.4,True,True,0.43,139.53,2.0,1.0,0.0
Tim Cosmos - Freek You (Original Mix).mp3,125.0,tag,125.0,125.0,True,True,True,True,127.2,True,True,126.4,True,True,0.4,150.0,1.5,1.0,0.0
David Guetta - Memories (Alex Armani Edit).mp3,132.0,tag,130.43,130.43,True,True,True,True,135.1,True,True,133.6,True,True,0.48,127.66,53.5,11.0,2.0
30Hz - Eyes Wide Shut (Original Mix).mp3,87.0,tag,171.43,171.43,False,True,False,True,117.6,False,True,176.2,False,True,0.35,166.67,61.0,5.0,0.5
Anthony David X DJ Queen Bee - For The Longest Time (Original Mix).mp3,108.0,tag,157.89,157.89,False,True,False,True,127.9,False,False,158.8,False,True,0.83,71.43,67.5,25.0,4.5
Circuit Haze - William Byron (Original Mix).mp3,86.0,tag,171.43,171.43,False,True,False,True,115.5,False,True,153.4,False,False,0.42,142.86,14.5,1.0,0.0
H2so4 ft Mavis - Frequency (Original Mix).mp3,86.0,tag,171.43,171.43,False,True,False,True,117.4,False,True,175.0,False,True,0.72,84.51,25.0,3.0,1.0
Hplus - Me Feel (Original Mix).mp3,164.0,tag,166.67,166.67,True,True,True,True,111.2,False,True,166.7,True,True,0.42,146.34,61.5,6.0,1.5
Hplus - What If (Original Mix).mp3,169.0,tag,171.43,171.43,True,True,True,True,113.3,False,True,137.3,False,False,1.02,58.82,67.5,7.0,4.0
Jordanlivingood - All The Time (Original Mix).mp3,87.0,tag,171.43,176.47,False,True,False,True,130.5,False,True,176.2,False,True,0.72,84.51,46.0,1.0,1.0
Juvenile - Lalalalala (Remix).mp3,84.0,owner,166.67,166.67,False,True,False,True,115.1,False,True,135.4,False,False,0.37,162.16,26.5,3.0,2.0
Poni Punkflwr & Fisherboi - Pink Tongue (Original Mix).mp3,166.0,tag,166.67,166.67,True,True,True,True,113.7,False,True,166.7,True,True,0.37,157.89,76.0,0.0,0.0
Poni Punkflwr & Fisherboi - The 2nd Rip (Original Mix).mp3,171.0,tag,171.43,171.43,True,True,True,True,114.8,False,True,171.4,True,True,0.37,162.16,13.0,0.0,0.0
Roderic H - Miss You (Original Mix).mp3,174.0,tag,176.47,176.47,True,True,True,True,117.9,False,True,177.5,True,True,0.78,76.92,57.0,4.0,1.0
Rodney Kamal Jackson - Turista (Original Mix).mp3,100.0,tag,100.0,100.0,True,True,True,True,133.8,False,True,134.5,False,True,0.48,122.45,7.0,4.0,2.0
Route 94 ft Jess Glynne - My Love (Catchfraze Remix).mp3,173.0,tag,171.43,171.43,True,True,True,True,118.2,False,True,176.2,True,True,0.63,96.77,51.0,19.0,12.5
Sn - No10 Get The Fuck Out (Original Mix).mp3,174.0,tag,176.47,176.47,True,True,True,True,118.8,False,True,177.5,True,True,0.4,153.85,51.5,1.0,0.0
Sn - Witch Turning To Myth (Original Mix).mp3,170.0,tag,171.43,171.43,True,True,True,True,114.9,False,True,117.9,False,False,0.57,105.26,50.0,8.0,3.0
Unsolicited Thoughts - The Day Phil Collins Stopped Caring (Original Mix).mp3,148.0,tag,146.34,146.34,True,True,True,True,100.1,False,True,133.6,False,False,1.02,58.82,70.0,5.0,3.5
d - Kennys Sister (Original Mix).mp3,118.0,tag,176.47,176.47,False,True,False,True,118.0,True,True,119.5,True,True,0.37,162.16,21.5,0.0,0.0
DJ Denise & Justin Johnson - Big Drips (Original Mix).mp3,128.0,tag,127.66,127.66,True,True,True,True,129.3,True,True,129.9,True,True,0.48,127.66,9.0,2.0,0.5
DJ Jackpine - I Let It Hurt (Original Mix).mp3,122.0,tag,122.45,122.45,True,True,True,True,122.8,True,True,123.8,True,True,0.42,146.34,29.0,1.0,0.0
DJ Yovan ft Claire Hayek - Fast Lane (Original Mix).mp3,122.0,tag,122.45,122.45,True,True,True,True,122.9,True,True,123.8,True,True,0.28,214.29,29.5,2.5,1.0
David Guetta vs Benson Boone - Mystical Magical X Titanium (DJ Dann Mashup).mp3,126.0,tag,125.0,125.0,True,True,True,True,127.7,True,True,127.2,True,True,0.37,162.16,27.5,2.0,0.0
"Ed Case, Oggie - The Night Is Young (Original Mix).mp3",128.0,tag,127.66,127.66,True,True,True,True,128.9,True,True,129.9,True,True,0.48,125.0,5.0,0.0,0.0
Elexa Tesla & Toxic Positivity - Power To Change Freedom To Live (Instrumental With Male Vocal Gay Pride 2025).mp3,126.0,tag,125.0,125.0,True,True,True,True,128.7,True,True,127.2,True,True,0.6,100.0,19.0,1.0,0.0
Eremos Music Factory - Sotto Il Sole Dagosto (Original Mix).mp3,120.0,tag,120.0,120.0,True,True,True,True,122.3,True,True,121.2,True,True,0.45,133.33,16.0,12.0,5.5
Kenszey - Green (Original Mix).mp3,128.0,tag,127.66,127.66,True,True,True,True,129.6,True,True,129.0,True,True,0.48,122.45,9.5,0.0,0.0
Kice - Falling For You (Original Mix).mp3,100.0,tag,125.0,125.0,False,False,False,False,125.0,False,False,166.7,False,False,0.9,65.93,22.5,7.0,2.5
"Pabanor, The Mad Stuntman Reel 2 Real - Gotta Look Good (Dunglow Remix).mp3",126.0,tag,125.0,125.0,True,True,True,True,127.7,True,True,128.1,True,True,0.28,214.29,45.5,1.0,0.5
Rolling Pistons - Good For Me (Original Mix).mp3,124.0,tag,125.0,125.0,True,True,True,True,124.3,True,True,125.5,True,True,0.83,71.43,20.0,1.0,1.0
Srj - If Youre Askin Then Im Dancin (Original Mix).mp3,128.0,tag,127.66,127.66,True,True,True,True,129.8,True,True,129.9,True,True,1.02,58.82,3.0,2.0,1.0
Tennant - On The Floor (Extended).mp3,128.0,tag,127.66,127.66,True,True,True,True,129.8,True,True,129.9,True,True,0.48,125.0,1.0,0.0,0.0
The Dallas Remix Djz - La Cumbia Primera (Crunk Cumbia Remix).mp3,130.0,tag,130.43,130.43,True,True,True,True,130.9,True,True,131.7,True,True,0.48,122.45,22.5,0.0,0.0
Vanessa Lynnae - You And Me (Dirty).mp3,118.0,tag,117.65,117.65,True,True,True,True,118.0,True,True,118.7,True,True,0.4,150.0,3.5,4.0,4.0
Junes Daughter - Sorrow (Original Mix).mp3,117.0,tag,146.34,146.34,False,False,False,False,98.7,False,False,148.2,False,False,0.55,111.11,8.0,1.0,0.0
Donfrmthe319 - Habits (Dirty).mp3,166.0,tag,166.67,166.67,True,True,True,True,109.9,False,True,166.7,True,True,0.78,77.92,34.0,2.5,1.0
Donfrmthe319 - Urus (Dirty).mp3,116.0,tag,115.38,115.38,True,True,True,True,117.8,True,True,120.4,True,True,0.52,113.21,29.5,11.0,1.0
Pradateek & Rhymster - Flagrant (Dirty).mp3,152.0,tag,153.85,153.85,True,True,True,True,103.2,False,True,154.5,True,True,0.83,71.43,50.5,17.0,5.5
Shemaiah A Reed - Healing In The 6 (Dirty).mp3,164.0,tag,82.19,82.19,False,True,False,True,112.5,False,True,157.7,True,True,0.57,107.14,26.5,4.0,0.0
